,Q3 2019 Dividend per Share,Q4 2019 Dividend per Share,Q1 2020 Dividend per Share,Q2 2020 Dividend per Share,Q3 2020 Dividend per Share
DDD,0,0,0,0,0
MMM,1.44,1.44,1.47,1.47,1.47
EGHT,0,0,0,0,0
AOS,0.22,0.24,0.24,0.24,0.24
AAON,0,0.16,0,0.19,0
AIR,0.075,0.075,0.075,#N/A,
ABT,0.32,0.36,0.36,0.36,0.36
ABBV,1.07,1.18,1.18,1.18,1.18
ANF,0.2,0.2,0.2,#N/A,
ABMD,0,0,0,0,0
ABM,0.18,0.185,0.185,0.185,
ACHC,0,0,0,0,0
AKR,0.28,0.29,0.29,0,0
ACN,0.8,0.8,0.8,0.8,
ACIW,0,0,0,0,0
ATVI,0,0.37,0,0,0
AYI,0.13,0.13,0.13,0.13,
ADUS,0,0,0,0,0
ADNT,0,0,0,0,0
ADBE,0,0,0,0,
ATGE,0,0,0,0,0
ADTN,0.09,0.09,0.09,0.09,0.09
AAP,0.06,0.06,0.25,0.25,0.25
AEIS,0,0,0,0,0
AMD,0,0,0,0,0
ASIX,0,0,0,0,0
ACM,0,0,0,0,0
AEGN,0,0,0,0,0
AJRD,0,0,0,0,0
AVAV,0,0,0,0,
AMG,0.32,0.32,0.32,0.01,0.01
AFL,0.27,0.27,0.28,0.28,0.28
AGCO,0.16,0.16,#N/A,0.16,0.16
A,0.164,0.18,0.18,0.18,
AGYS,0,0,0,0,0
ADC,0.57,0.585,0.585,0.6,0.6
APD,1.16,1.16,1.34,1.34,1.34
AKAM,0,0,0,0,0
ALG,0.12,0.12,0.13,0.13,0.13
ALRM,0,0,0,0,0
ALK,0.35,0.35,0.375,0,0
AIN,0.18,0.19,0.19,0.19,0.19
ALB,0.3675,0.3675,0.385,0.385,0.385
ALEX,0.19,0.19,0.19,#N/A,#N/A
ARE,1,1.03,1.03,1.06,1.06
ALXN,0,0,0,0,0
ALGN,0,0,0,0,0
Y,0,0,0,0,0
ATI,0,0,0,0,0
ABTX,0,0,0.1,0.1,0.1
ALGT,0.7,0.7,0.7,#N/A,#N/A
ALLE,0.27,0.27,0.32,0.32,0.32
ALE,0.5875,0.5875,0.6175,0.6175,0.6175
ADS,0.63,0.63,0.63,0.21,0.21
LNT,0.355,0.355,0.38,0.38,0.38
MDRX,0,0,0,0,0
GOOG.L,#N/A,,,,
GOOG,0,0,0,0,0
MO,0.84,0.84,0.84,0.84,0.86
AMZN,0,0,0,0,0
AMBC,0,0,0,0,0
AMCX,0,0,0,0,0
AMCR,0.12,0.115,0.115,0.115,0.115
AMED,0,0,0,0,0
AEE,0.475,0.495,0.495,0.495,0.495
AAL,0.1,0.1,0.1,#N/A,#N/A
AAT,0.28,0.3,0.3,0.2,0.25
AXL,0,0,#N/A,#N/A,#N/A
ACC,0.47,0.47,#N/A,0.47,0.47
AEO,0.1375,0.1375,0.1375,#N/A,
AEP,0.67,0.7,#N/A,0.7,0.7
AEL,0,0.3,0,0,0
AXP,0.43,0.43,0.43,0.43,0.43
AFG,0.4,0.45,0.45,0.45,0.45
AIG,0.32,0.32,0.32,0.32,0.32
APEI,0,0,0,0,0
AWR,0.305,0.305,0.305,0.305,0.335
AMT,0.95,1.01,1.08,1.1,1.14
AVD,0.02,0.02,0.02,#N/A,#N/A
AWK,0.5,0.5,0.55,0.55,0.55
AMWD,0,0,0,0,
CRMT,0,0,0,0,
AMP,0.97,0.97,0.97,1.04,1.04
ABCB,0.15,0.15,0.15,0.15,0.15
AMSF,0.25,0.25,0.27,0.27,0.27
ABC,0.4,0.4,0.42,0.42,0.42
AME,0.14,0.14,0.18,0.18,0.18
AMGN,1.45,1.45,1.6,1.6,1.6
AMN,0,0,0,0,0
AMPH,0,0,0,0,0
APH,0.25,0.25,0.25,0.25,0.25
ADI,0.54,0.54,0.62,0.62,
ANGO,0,0,0,0,
ANIP,0,0,0,0,0
ANIK,0,0,0,0,0
ANSS,0,0,0,0,0
AM,0.3075,0.3075,#N/A,0.3075,0.3075
ANTM,0.8,0.8,0.95,0.95,0.95
AON,0.44,0.44,#N/A,0.44,0.44
APA,0.25,0.25,0.025,0.025,0.025
AIV,0.4829,0.4829,0.50766,0.50766,0.50766
APOG,0.175,0.1875,0.1875,0.1875,
ARI,0.46,0.46,0.4,0.35,0.35
AAPL,0.1925,0.1925,0.1925,0.205,0.205
AIT,0.31,0.32,0.32,0.32,0.32
AMAT,0.21,0.21,0.22,0.22,
AAOI,0,0,0,0,0
ATR,0.36,0.36,#N/A,0.36,0.36
APTV,0.22,0.22,0.22,#N/A,#N/A
ARCB,0.08,0.08,0.08,0.08,0.08
ADM,0.35,0.35,0.36,0.36,0.36
AROC,0.145,0.145,0.145,0.145,0.145
ARNC,#N/A,#N/A,#N/A,#N/A,#N/A
ACA,0.05,0.05,0.05,0.05,0.05
ANET,0,0,0,0,0
ARLO,0,0,0,0,0
AHH,0.21,0.21,0.22,0,0.11
ARR,0.51,0.51,0.51,0.09,0.3
ARW,0,0,0,0,0
ARWR,0,0,0,0,0
AJG,0.43,0.43,0.45,0.45,0.45
ABG,0,0,0,0,0
ASGN,0,0,0,0,0
ASH,0.275,0.275,0.275,0.275,0.275
ASB,0.17,0.18,0.18,0.18,0.18
AIZ,0.6,0.63,#N/A,0.63,0.63
AGO,0.18,0.18,0.2,0.2,0.2
ASTE,0.11,0.11,0.11,0.11,0.11
T,0.51,0.52,0.52,0.52,0.52
AAWW,0,0,0,0,0
ATO,0.525,0.575,0.575,0.575,0.575
ATNI,0.17,0.17,0.17,0.17,0.17
ADSK,0,0,0,0,
ADP,0.79,0.91,0.91,0.91,0.91
AN,0,0,0,0,0
AZO,0,0,0,0,
AVB,1.52,1.52,1.59,1.59,1.59
AVNS,0,0,0,0,0
AVY,0.58,0.58,0.58,0.58,0.58
AVNT,0.195,0.2025,0.2025,0.2025,0.2025
CAR,0,0,0,0,0
AVA,0.3875,0.3875,0.405,0.405,0.405
AVT,0.21,0.21,0.21,0.21,0.21
ACLS,0,0,0,0,0
AAXN,0,0,0,0,0
AX,0,0,0,0,0
AZZ,0.17,0.17,0.17,0.17,
BGS,0.475,0.475,0.475,0.475,0.475
BMI,0.17,0.17,0.17,0.17,0.18
BKR,0.18,0.18,0.18,0.18,0.18
BCPC,0,0.52,#N/A,#N/A,#N/A
BLL,0.15,0.15,0.15,0.15,0.15
BANC,0.06,0.06,0.06,0.06,0.06
BANF,0.32,0.32,0.32,0.32,0.34
BXS,0.185,0.185,0.185,0.185,0.185
BAC,0.18,0.18,0.18,0.18,0.18
BOH,0.65,0.67,0.67,0.67,0.67
OZK,0.24,0.25,0.26,0.27,0.2725
BKU,0.21,0.21,0.23,0.23,0.23
BANR,0.41,0.41,0.41,0.41,0.41
BNED,0,0,0,0,
B,0.16,0.16,0.16,0.16,0.16
BAX,0.22,0.22,0.22,0.245,0.245
BDX,0.77,0.79,0.79,0.79,0.79
BBBY,0.17,0.17,#N/A,#N/A,
BELF.B,#N/A,,,,
BDC,0.05,0.05,0.05,0.05,0.05
BHE,0.15,0.15,0.16,0.16,0.16
BRK.B,0,0,0,0,0
BHLB,0.23,0.23,0.24,0.24,0.12
BBY,0.5,0.5,0.55,0.55,
BIG,0.3,0.3,0.3,0.3,
BIIB,0,0,0,0,0
BIO,0,0,0,0,0
TECH,0.32,0.32,0.32,0.32,0.32
BEAT,0,0,0,0,0
BJRI,0.12,0.13,0,0,0
BJ,0,0,0,0,
BKH,0.505,0.535,0.535,0.535,0.535
BLKB,0.12,0.12,0.12,0,0
BLK,3.3,3.3,3.63,3.63,3.63
BLMN,0.1,0.1,0.2,#N/A,#N/A
BCOR,0,0,0,0,0
BCC,0.09,0.1,0.1,0.1,0.1
BCEI,0,0,0,0,0
BKNG,0,0,0,0,0
BOOT,0,0,0,0,0
BWA,0.17,0.17,0.17,0.17,0.17
BPFH,0.12,0.12,0.12,0.12,0.06
BXP,0.95,0.98,0.98,0.98,0.98
BSX,0,0,0,0,0
EPAY,0,0,0,0,0
BYD,0.07,0.07,0,0,0
BRC,0.2175,0.2175,0.2175,0.2175,
BDN,0.19,0.19,0.19,0.19,0.19
BHF,0,0,0,0,0
BSIG,0.1,0.1,0.1,0.01,0.01
EAT,0.38,0.38,0.38,#N/A,#N/A
BMY,0.41,0.45,0.45,0.45,0.45
VTOL,0,0,#N/A,#N/A,
BRX,0.28,0.285,0.285,0,0
AVGO,2.65,3.25,3.25,3.25,
BR,0.54,0.54,0.54,0.54,0.575
BRKL,0.11,0.115,0.115,0.115,0.115
BRKS,0.1,0.1,0.1,0.1,0.1
BRO,0.08,0.085,#N/A,0.085,0.085
BF.B,0.166,0.1743,0.1743,0.1743,
BC,0.21,0.24,0.24,0.24,0.24
BLDR,0,0,0,0,0
CHRW,0.5,0.51,0.51,0.51,0.51
CABO,2.25,2.25,2.25,2.25,2.5
CBT,0.35,0.35,0.35,0.35,0.35
COG,0.09,0.1,0.1,0.1,0.1
CACI,0,0,0,0,0
CADE,0.175,0.175,0.175,0.05,0.05
CDNS,0,0,0,0,0
CZR,0,0,0,0,0
CAMP,0,0,0,0,
CVGW,1.1,0,0,0,
CAL,0.07,0.07,0.07,0.07,
CWT,0.1975,0.1975,0.2125,0.2125,0.2125
ELY,0.01,0.01,0.01,0.01,#N/A
CPE,0,0,0,0,0
CALM,0,0,0,0,
CPT,0.8,0.8,0.83,0.83,0.83
CPB,0.35,0.35,0.35,0.35,
CMD,0,0.105,0,0,
COF,0.4,0.4,0.4,0.4,0.1
CFFN,0.085,0.085,0.085,0.085,0.085
CPRI,0,0,0,0,0
CMO,0.12,0.15,0.15,0.15,0.15
CAH,0.4811,0.4811,0.4811,0.4859,0.4859
CSII,0,0,0,0,0
CATM,0,0,0,0,0
CTRE,0.225,0.225,0.25,0.25,0.25
CSL,0.5,0.5,0.5,0.5,0.525
KMX,0,0,0,0,
CCL,0.5,0.5,#N/A,#N/A,
CRS,0.2,0.2,0.2,0.2,0.2
CARR,#N/A,#N/A,0,0.08,0
CRI,0.5,0.5,0.6,0,0
CASY,0.32,0.32,0.32,0.32,
CTLT,0,0,0,0,0
CAT,1.03,1.03,1.03,1.03,1.03
CATY,0.31,0.31,0.31,0.31,0.31
CVCO,0,0,0,0,0
CBOE,0.36,0.36,0.36,0.36,0.42
CBRE,0,0,0,0,0
CDK,0.15,0.15,0.15,0.15,0.15
CDW,0.295,0.38,0.38,0.38,0.38
CE,0.62,0.62,0.62,0.62,0.62
CNC,0,0,0,0,0
CNP,0.2875,0.2875,0.29,0.15,0.15
CENT,0,0,0,0,0
CENT.A,#N/A,,,,
CPF,0.23,0.23,0.23,0.23,0.23
CENX,0,0,0,0,0
CCS,0,0,0,0,0
CDAY,0,0,0,0,0
CERN,0.18,0.18,0.18,0.18,0.18
CEVA,0,0,0,0,0
CF,0.3,0.3,0.3,0.3,0.3
CHX,0,0,0,0,0
CRL,0,0,0,0,0
GTLS,0,0,0,0,0
CHTR,0,0,0,0,0
CLDT,0.33,0.33,0.22,0,0
CHE,0.32,0.32,0.32,0.32,0.34
CPK,0.405,0.405,0.405,0.44,0.44
CVX,1.19,1.19,1.29,1.29,1.29
CHS,0.0875,0.0875,0.09,#N/A,
CMG,0,0,0,0,0
CHH,0.215,0.225,0.225,#N/A,#N/A
CB,0.75,0.75,0.75,0.78,0.78
CHD,0.2275,0.2275,0.24,0.24,0.24
CHDN,0,0.581,0,0,0
CHUY,0,0,0,0,0
CIEN,0,0,0,0,
CI,0,0.04,0,0,0
XEC,0.2,0.2,0.22,0.22,0.22
CBB,0,0,0,0,0
CINF,0.56,0.56,0.6,0.6,0.6
CNK,0.34,0.34,0.36,#N/A,#N/A
CTAS,0,0,2.55,0,
CIR,0,0,0,0,0
CRUS,0,0,0,0,0
CSCO,0.35,0.35,0.36,0.36,
CIT,0.35,0.35,#N/A,0.35,0.35
C,0.51,0.51,0.51,0.51,0.51
CFG,0.36,0.36,0.39,0.39,0.39
CTXS,0.35,0.35,0.35,0.35,0.35
CHCO,0.57,0.57,0.57,0.57,0.57
CLH,0,0,0,0,0
CLW,0,0,0,0,0
CLF,0.06,0.06,0.06,#N/A,#N/A
CCMP,0.42,0.42,0.44,0.44,0.44
CME,0.75,0.75,0.85,0.85,0.85
CMS,0.3825,0.3825,0.4075,0.4075,0.4075
CNO,0.11,0.11,0.11,0.12,0.12
CNX,0,0,0,0,0
COKE,0.25,0.25,#N/A,0.25,0.25
CCOI,0.62,0.64,0.66,0.68,0.705
CGNX,0.05,0.055,0.055,0.055,0.055
CTSH,0.2,0.2,0.22,0.22,0.22
COHR,0,0,0,0,#N/A
CHRS,0,0,0,0,0
COHU,0.06,0.06,0.06,#N/A,#N/A
CFX,0,0,0,0,0
CL,0.43,0.43,0.43,0.44,0.44
COLB,0.28,0.28,0.5,0.28,0.28
COLM,0.24,0.24,0.26,#N/A,#N/A
CMCS.A,#N/A,,,,
CMA,0.67,0.67,0.68,0.68,0.68
FIX,0.1,0.1,0.105,0.105,0.105
CBSH,0.23583,0.23583,0.25714,0.25714,0.244898112
CMC,0.12,0.12,0.12,0.12,
CBU,0.41,0.41,0.41,0.41,0.42
CYH,0,0,0,0,0
CHCT,0.4125,0.415,0.4175,0.42,0.4225
CVLT,0,0,0,0,0
CMP,0.72,0.72,0.72,0.72,0.72
CPSI,0.1,0.1,0.1,0.1,0.1
CMTL,0.1,0.1,0.1,0.1,
CAG,0.2125,0.2125,0.2125,0.2125,
CNXC,#N/A,,,,
CXO,0.125,0.125,0.2,0.2,0.2
CNMD,0.2,0.2,0.2,0.2,0.2
CONN,0,0,0,0,
COP,0.305,0.42,0.42,0.42,0.42
CEIX,0,0,0,0,0
CNSL,0,0,0,0,0
ED,0.74,0.74,0.765,0.765,0.765
STZ,0.75,0.75,0.75,0.75,
CTB,0.105,0.105,0.105,0.105,0.105
CPS,0,0,0,0,0
CPRT,0,0,0,0,
CORT,0,0,0,0,0
CLB,0.55,0.55,#N/A,0.01,0.01
CXW,0.44,0.44,0.44,0,0
CLGX,0,0.22,0,0.22,0.33
CORE,0.11,0.12,0.12,0.12,0.12
COR,1.22,1.22,1.22,1.22,1.22
GLW,0.2,0.2,0.22,0.22,0.22
OFC,0.275,0.275,0.275,0.275,0.275
CTVA,0,0.13,0.13,0.13,0.13
CRVL,0,0,0,0,0
COST,0.65,0.65,0.7,0.7,
COTY,0.125,0.125,0.125,#N/A,#N/A
CUZ,0.29,0.29,0.3,0.3,0.3
CVET,0,0,0,0,0
CBRL,1.3,1.3,1.3,1.3,
CR,0.39,0.39,0.43,0.43,0.43
CREE,0,0,0,0,0
CROX,0,0,0,0,0
CCRN,0,0,0,0,0
CCI,1.125,1.2,1.2,1.2,1.2
CRY,0,0,0,0,0
CSGS,0.2225,0.2225,0.235,0.235,0.235
CSX,0.24,0.24,0.26,0.26,0.26
CTS,0.04,0.04,0.04,0.04,0.04
CUB,0.135,0,0.135,0,0.135
CFR,0.71,0.71,0.71,0.71,0.71
CMI,1.311,1.311,1.311,1.311,1.311
CW,0.17,0.17,0.17,0.17,0.17
CUBI,0,0,0,0,0
CUTR,0,0,0,0,0
CVBF,0.18,0.18,0.18,0.18,0.18
CVS,0.5,0.5,0.5,0.5,0.5
CONE,0.5,0.5,0.5,0.5,0.51
CYTK,0,0,0,0,0
DHI,0.15,0.175,0.175,0.175,0.175
DAKT,0.05,0.05,0.05,#N/A,
DAN,0.1,0.1,0.1,#N/A,#N/A
DHR,0.17,0.17,0.18,0.18,0.18
DRI,0.88,0.88,0,0,
DAR,0,0,0,0,0
PLAY,0.16,0.16,#N/A,#N/A,
DVA,0,0,0,0,0
DECK,0,0,0,0,0
DE,0.76,0.76,0.76,0.76,
DAL,0.4025,0.4025,0.4025,#N/A,#N/A
DLX,0.3,0.3,#N/A,0.3,0.3
XRAY,0.1,0.1,0.1,0.1,0.1
DBI,0.25,0.25,0.1,#N/A,
DVN,0.09,0.09,0.11,0.11,0.11
DXCM,0,0,0,0,0
FANG,0.1875,0.1875,0.375,0.375,0.375
DRH,0.125,0.125,#N/A,#N/A,#N/A
DKS,0.275,0.275,0.3125,0.3125,
DBD,0,0,0,0,0
DGII,0,0,0,0,0
DLR,1.08,1.08,1.12,1.12,1.12
DCOM,0.14,0.14,0.14,0.14,0.14
DIN,0.69,0.69,0.76,#N/A,#N/A
DIOD,0,0,0,0,0
DFS,0.44,0.44,0.44,0.44,0.44
DISC.A,#N/A,,,,
DISC.K,#N/A,,,,
DISH,0,0,0,0,0
DHC,0.15,0.15,0.15,0.01,0.01
BOOM,0.125,0.125,0.125,#N/A,#N/A
DG,0.32,0.32,0.36,0.36,
DLTR,0,0,0,0,
D,0.9175,0.9175,0.94,0.94,0.94
DPZ,0.65,0.78,0.78,0.78,
UFS,0.455,0.455,0.455,#N/A,#N/A
DCI,0.21,0.21,0.21,0.21,
DFIN,0,0,0,0,0
LPG,0,0,0,0,0
DORM,0,0,0,0,0
DEI,0.26,0.28,0.28,0.28,0.28
DOV,0.49,0.49,0.49,0.49,0.495
DOW,0.7,0.7,0.7,0.7,0.7
DRQ,0,0,0,0,0
DSPG,0,0,0,0,0
DTE,0.945,1.0125,1.0125,1.0125,1.0125
DUK,0.945,0.945,0.945,0.945,0.965
DRE,0.215,0.235,0.235,0.235,0.235
DNKN,0.375,0.375,0.4025,0,0.4025
DD,0.3,0.3,0.3,0.3,0.3
DXC,0.21,0.21,0.21,#N/A,#N/A
DXPE,0,0,0,0,0
DY,0,0,0,0,
EGBN,0.22,0.22,0.22,0.22,0.22
EXP,0.1,0.1,0.1,#N/A,#N/A
EGRX,0,0,0,0,0
EWBC,0.275,0.275,0.275,0.275,0.275
DEA,0.26,0.26,0.26,0.26,0.26
EGP,0.75,0.75,0.75,0.75,0.79
EMN,0.62,0.66,0.66,0.66,0.66
ETN,0.71,0.71,0.73,0.73,0.73
EV,0.375,#N/A,0.375,0.375,
EBAY,0.14,0.14,0.16,0.16,0.16
EBIX,0.075,0.075,0.075,0.075,0.075
ECHO,0,0,0,0,0
ECL,0.46,0.47,0.47,0.47,0.47
EPC,0,0,0,0,0
EIX,0.6125,0.6375,0.6375,0.6375,0.6375
EW,0,0,0,0,0
EHTH,0,0,0,0,0
LOCO,0,0,0,0,0
EA,0,0,0,0,0
LLY,0.645,0.645,0.74,0.74,0.74
EME,0.08,0.08,#N/A,0.08,0.08
EBS,0,0,0,0,0
EMR,0.49,0.5,0.5,0.5,0.5
EIG,0.22,0.22,0.25,0.25,0.25
ENTA,0,0,0,0,0
EHC,0.28,0.28,0.28,0.28,0.28
ECPG,0,0,0,0,0
WIRE,0.02,0.02,0.02,0.02,0.02
ENDP,0,0,0,0,0
ENR,0.3,0.3,0.3,0.3,0.3
EPAC,0,0,0,0.04,
ENS,0.175,0.175,0.175,0.175,0.175
ENVA,0,0,0,0,0
ENPH,0,0,0,0,0
NPO,0.25,0.25,0.26,0.26,0.26
ETR,0.91,0.93,0.93,0.93,0.93
EOG,0.2875,0.2875,0.375,0.375,0.375
PLUS,0,0,0,0,0
EPR,1.125,1.125,1.1325,#N/A,#N/A
EQT,0.03,0.03,0.03,#N/A,#N/A
EFX,0.39,0.39,0.39,0.39,0.39
EQIX,2.46,2.46,2.66,2.66,2.66
ETRN,0.45,0.45,#N/A,0.15,0.15
EQR,0.5675,0.5675,0.6025,0.6025,0.6025
ESE,0.08,0.08,0.08,0.08,0.08
ESNT,0.15,0.15,0.16,0.16,0.16
EPRT,0.22,0.23,0.23,0.23,0.23
WTRG,0.2343,0.2343,0.2343,0.2343,0.2507
ESS,1.95,1.95,2.0775,2.0775,2.0775
ETH,0.21,0.21,0.21,0,0.21
ETSY,0,0,0,0,0
EVR,0.58,0.58,0.58,0.58,0.58
RE,1.4,1.55,1.55,1.55,1.55
EVRG,0.475,0.505,0.505,0.505,0.505
ES,0.535,0.535,0.5675,0.5675,0.5675
EVTC,0.05,0.05,0.05,0.05,0.05
EXEL,0,0,0,0,0
EXC,0.3625,0.3625,0.3825,0.3825,0.3825
EXLS,0,0,0,0,0
EXPE,0.34,0.34,0.34,0,0
EXPD,0,0.5,0,0.52,0
EXPO,0.16,0.16,0.19,0.19,0.19
EXTN,0,0,0,0,0
EXR,0.9,0.9,0.9,0.9,0.9
EXTR,0,0,0,0,0
XOM,0.87,0.87,0.87,0.87,0.87
EZPW,0,0,0,0,#N/A
FNB,0.12,0.12,0.12,0.12,0.12
FFIV,0,0,0,0,0
FN,0,0,0,0,0
FB,0,0,0,0,0
FDS,0.72,0.72,0.77,0.77,
FICO,0,0,0,0,0
FARO,0,0,0,0,0
FAST,0.22,0.22,0.25,0.25,0.25
FBK,0.08,0.08,0.09,0.09,0.09
FRT,1.05,1.05,1.05,1.05,1.06
FSS,0.08,0.08,0.08,0.08,0.08
FHI,0.27,0.27,0.27,0.27,0.27
FDX,0.65,0.65,0.65,0.65,
FOE,0,0,0,0,0
FIS,0.35,0.35,0.35,0.35,0.35
FRGI,0,0,0,0,0
FITB,0.24,0.24,0.27,0.27,0.27
FAF,0.42,0.42,0.44,0.44,0.44
FBNC,0.12,0.18,0.18,0.18,0.18
FBP,0.03,0.05,0.05,0.05,0.05
FCF,0.1,0.1,0.11,0.11,0.11
FFBC,0.23,0.23,0.23,0.23,0.23
FFIN,0.12,0.12,0.12,0.13,0.13
FHB,0.26,0.26,0.26,0.26,0.26
FHN,0.14,0.14,0.15,0.15,0.15
FR,0.23,0.23,0.25,0.25,0.25
FMBI,0.14,0.14,0.14,0.14,0.14
FRC,0.19,0.19,0.19,0.2,0.2
FSLR,0,0,0,0,0
FCFS,0.25,0.27,0.27,0.27,0.27
FE,0.38,0.38,0.39,0.39,0.39
FISV,0,0,0,0,0
FIVE,0,0,0,0,
FBC,0.04,0.04,0.05,0.05,0.05
FLT,0,0,0,0,0
FLIR,0.17,0.17,0.17,0.17,0.17
FLO,0.19,0.19,0.19,0.2,0.2
FLS,0.19,0.19,0.2,0.2,0.2
FLR,0.21,0.1,0.1,0,#N/A
FMC,0.4,0.44,0.44,0.44,0.44
FL,0.38,0.38,0.4,0,
F,0.15,0.15,0.15,0,0
FORM,0,0,0,0,0
FORR,0,0,0,0,0
FTNT,0,0,0,0,0
FTV,0.07,0.07,0.07,0.07,0.07
FBHS,0.22,0.22,0.24,0.24,0.24
FWRD,0.18,0.18,0.18,0.18,0.18
FOSL,0,0,0,0,0
FBM,0,0,0,0,0
FCPT,0.2875,0.305,0.305,0.305,0.305
FOXA,0,0.23,0,0.23,0
FOX,0,0.23,0,0.23,0
FOXF,0,0,0,0,0
FELE,0.145,0.145,0.155,0.155,0.155
BEN,0.26,0.27,0.27,0.27,0.27
FSP,0.09,0.09,0.09,0.09,0.09
FCX,0.05,0.05,0,0,0
FDP,0.06,0.08,0.1,0.05,0.05
FCN,0,0,0,0,0
FLGT,0,0,0,0,0
FULT,0.13,0.13,0.13,0.13,0.13
FF,0.06,0.06,0.06,0.06,0.06
GME,0,0,0,0,
GCI,0.38,0.38,#N/A,#N/A,#N/A
GRMN,0.57,0.57,0.57,0.61,0.61
IT,0,0,0,0,0
GATX,0.46,0.46,0.48,0.48,0.48
GCP,0,0,0,0,0
GNRC,0,0,0,0,0
GD,1.02,1.02,1.1,1.1,1.1
GE,0.01,0.01,0.01,0.01,0.01
GIS,0.49,0.49,0.49,0.49,
GM,0.38,0.38,0.38,0,0
GCO,0,0,0,0,
GNTX,0.115,0.115,0.12,0.12,#N/A
THRM,0,0,0,0,0
GPC,0.7625,0.7625,0.79,0.79,0.79
GNW,0,0,0,0,0
GTY,0.35,0.37,0.37,0.37,0.37
ROCK,0,0,0,0,0
GIII,0,0,0,0,
GILD,0.63,0.63,0.68,0.68,0.68
GBCI,0.29,0.29,0.29,0.29,0.3
GLT,0.13,0.13,0.13,0.135,0.135
GKOS,0,0,0,0,0
GNL,0.5325,0.5325,0.4,0.4,0.4
GPN,0.01,0.195,0.195,0.195,0.195
GL,0.1725,0.1725,0.1875,0.1875,0.1875
GMED,0,0,0,0,0
GLUU,0,0,0,0,0
GMS,0,0,0,0,
GGG,0.16,0.175,0.175,0.175,0.175
GHC,1.39,1.39,1.45,1.45,1.45
LOPE,0,0,0,0,0
GVA,0.13,0.13,0.13,0.13,0.13
GPMT,0.42,0.42,0,0,0.2
GWB,0.3,0.3,0.3,0.15,0.01
GDOT,0,0,0,0,0
GPRE,0,0,0,0,0
GHL,0.05,0.05,0.05,0.05,0.05
GEF,0.44,0.44,0.44,0.44,
GFF,0.0725,0.075,0.075,0.075,0.075
GO,0,0,0,0,0
GPI,0.28,0.29,0.3,0,0
GRUB,0,0,0,0,0
GES,0.1125,0.1125,0,0,
HRB,0.26,0.26,0.26,0.26,
FUL,0.16,#N/A,0.1625,0.1625,
HAE,0,0,0,0,0
HAL,0.18,0.18,0.18,0.045,0.045
HALO,0,0,0,0,0
HWC,0.27,0.27,0.27,0.27,0.27
HBI,0.15,0.15,0.15,0.15,0.15
HNGR,0,0,0,0,0
HAFC,0.24,0.24,0.24,0.12,0.08
HOG,0.375,0.375,0.38,0.02,0
HLIT,0,0,0,0,0
HSC,0,0,0,0,0
HAS,0.68,0.68,0.68,0.68,0.68
HVT,0.2,0.2,0.2,0.15,0.2
HE,0.32,0.32,0.33,0.33,0.33
HA,0.12,0.12,0.12,#N/A,#N/A
HWKN,0.23,0.2325,0.2325,0.2325,0.2325
HAYN,0.22,0.22,0.22,0.22,0.22
HCA,0.4,0.4,0.43,0,0
HCI,0.4,0.4,0.4,0.4,0.4
HR,0.3,0.3,0.3,0.3,0.3
HCSG,0.19875,0.2,0.20125,0.2025,0.20375
HQY,0,0,0,0,
PEAK,0.37,0.37,0.37,0.37,0.37
HSTM,0,0,0,0,0
HTLD,0.02,0.02,0.02,0.02,0.02
HSII,0.15,0.15,0.15,0.15,0.15
HELE,0,0,0,0,
HLX,0,0,0,0,0
HP,0.71,0.71,0.71,0.25,0.25
HSIC,0,0,0,0,0
HFWA,0.19,0.19,0.2,0.2,0.2
MLHR,0.21,0.21,0,0,
HT,0.28,0.28,0.28,#N/A,#N/A
HSKA,0,0,0,0,0
HES,0.25,0.25,0.25,0.25,0.25
HPE,0.1125,0.12,0.12,0.12,
HXL,0.17,0.17,0.17,0,0
HIBB,0,0,0,0,
HIW,0.475,0.475,0.48,0.48,0.48
HI,0.21,0.2125,0.2125,0.2125,0.2125
HRC,0.21,0.21,0.22,0.22,0.22
HLT,0.15,0.15,0.15,#N/A,#N/A
HMSY,0,0,0,0,0
HNI,0.305,0.305,0.305,0.305,0.305
HFC,0.33,0.35,0.35,0.35,0.35
HOLX,0,0,0,0,0
HOMB,0.13,0.13,0.13,0.13,0.13
HMST,0,0,0.15,0.15,0.15
HON,0.82,0.9,0.9,0.9,0.9
HOPE,0.14,0.14,0.14,0.14,0.14
HMN,0.2875,0.2875,0.3,0.3,0.3
HRL,0.21,0.2325,0.2325,0.2325,
HST,0.2,0.2,0.2,0,0
HWM,0.02,0.02,#N/A,0,0
HPQ,0.1602,0.1762,0.1762,0.1762,
HUBG,0,0,0,0,0
HUBB,0.84,0.91,0.91,0.91,0.91
HPP,0.25,0.25,0.25,0.25,0.25
HUM,0.55,0.55,0.625,0.625,0.625
HBAN,0.15,0.15,0.15,0.15,0.15
HII,0.86,1.03,1.03,1.03,1.03
IAA,0,0,0,0,0
ICHR,0,0,0,0,0
ICUI,0,0,0,0,0
IDA,0.63,0.67,#N/A,0.67,0.67
IEX,0.5,0.5,0.5,0.5,0.5
IDXX,0,0,0,0,0
INFO,0,0.17,0.17,0.17,
IIVI,0,0,0,0,0
ITW,1.07,1.07,1.07,1.07,1.14
ILMN,0,0,0,0,0
INCY,0,0,0,0,0
IRT,0.18,0.18,0.18,0.12,0.12
INDB,0.44,0.44,0.46,0.46,0.46
IBTX,0.25,0.25,0.25,0.25,0.25
ILPT,0.33,0.33,0.33,0.33,0.33
IR,0,0,0,0,0
NGVT,0,0,0,0,0
INGR,0.63,0.63,0.63,0.63,0.64
IOSP,0,0.52,0,0.52,0
IIPR,0.78,1,1,1.06,1.17
INVA,0,0,0,0,0
INGN,0,0,0,0,0
NSIT,0,0,0,0,0
NSP,0.3,0.3,0.4,0.4,0.4
IBP,0,0,0,0,0
IIIN,0.03,0.03,0.03,0.03,0.03
ITGR,0,0,0,0,0
IART,0,0,0,0,0
INTC,0.315,0.315,0.33,0.33,0.33
IPAR,0.275,0.33,0.33,#N/A,#N/A
IBKR,0.1,0.1,0.1,0.1,0.1
ICE,0.275,0.275,0.3,0.3,0.3
IDCC,0.35,0.35,0.35,0.35,0.35
TILE,0.065,0.065,0.065,0.01,0.01
IBOC,0,0.55,0,0.55,0
IBM,1.62,1.62,1.62,1.63,1.63
IFF,0.75,0.75,0.75,0.75,0.77
IP,0.5,0.5125,#N/A,0.5125,0.5125
INTU,0.53,0.53,0.53,0.53,
ISRG,0,0,0,0,0
IVC,0.0125,0.0125,0.0125,#N/A,#N/A
IVZ,0.31,0.31,0.31,0.155,0.155
IVR,0.45,0.5,0,0.52,0.05
IRET,0.7,0.7,0.7,0.7,0.7
IPGP,0,0,0,0,0
IQV,0,0,0,0,0
IRDM,0,0,0,0,0
IRBT,0,0,0,0,0
IRM,0.611,0.6185,0.6185,0.6185,0.6185
STAR,0.1,0.1,0.1,0.11,0.11
ITRI,0,0,0,0,0
ITT,0.147,0.147,0.169,0.169,0.169
JJSF,0.5,0.575,0.575,0.575,0.575
JBHT,0.26,0.26,0.27,0.27,0.27
JCOM,0,0,0,0,0
JBL,0.08,0.08,0.08,0.08,
JKHY,0.4,0.4,0.43,0.43,0.43
JACK,0.4,0.4,0.4,0,0.4
J,0.17,0.19,0.19,0.19,0.19
JRVR,0.3,0.3,0.3,0.3,0.3
JHG,0.36,0.36,0.36,0.36,0.36
JAZZ,0,0,0,0,0
JBGS,0.225,0.45,0,0.225,0.225
JEF,0.125,0.15,0.15,0.15,
JBLU,0,0,0,0,0
JBSS,0,0,0,0.65,#N/A
JBT,0.1,0.1,0.1,0.1,0.1
JW.A,0.34,0.34,0.34,0.3425,
JNJ,0.95,0.95,0.95,1.01,1.01
JCI,0.26,0.26,0.26,0.26,0.26
JLL,0,0.43,0,#N/A,#N/A
JPM,0.9,0.9,0.9,0.9,0.9
JNPR,0.19,0.19,0.2,0.2,0.2
KALU,0.6,0.6,#N/A,0.67,0.67
KAMN,0.2,0.2,0.2,0.2,0.2
KSU,0.36,0.4,0.4,0.4,0.4
KAR,0.19,0.19,0.19,0,0
KBH,0.09,0.09,0.09,0.09,
KBR,0.08,0.08,0.1,0.1,0.1
K,0.57,0.57,0.57,0.57,0.57
KELY.A,#N/A,,,,
KMPR,0.25,0.28,0.3,0.3,0.3
KMT,0.2,0.2,0.2,0.2,0.2
KEY,0.185,0.185,0.185,0.185,0.185
KEYS,0,0,0,0,
KRC,0.485,0.485,0.485,0.485,0.5
KMB,1.03,1.03,1.07,1.07,1.07
KIM,0.28,0.28,0.28,0,0.1
KMI,0.25,0.25,0.25,0.2625,0.2625
KNSL,0.08,0.08,0.09,0.09,0.09
KEX,0,0,0,0,0
KRG,0.3175,0.3175,0.3175,0.052,0.08
KREF,0.43,0.43,0.43,0.43,0.43
KLAC,0.75,0.85,0.85,0.85,0.9
KNX,0.06,0.06,0.08,0.08,0.08
KN,0,0,0,0,0
KSS,0.67,0.67,0.704,0,
KTB,0.56,0.56,0.56,0,0
KOP,0,0,0,0,0
KFY,0.1,0.1,0.1,0.1,
KRA,0,0,0,0,0
KLIC,0.12,0.12,0.12,0.12,0.12
LB,0.3,0.3,0.3,#N/A,
LHX,0.685,0.685,0.75,0.75,0.85
LH,0,0,0,0,0
LRCX,1.15,1.15,1.15,1.15,1.3
LAMR,0.96,0.96,1,0.5,0.5
LW,0.2,0.23,0.23,0.23,
LANC,0.65,0.7,0.7,0.7,0.7
LSTR,0.185,0.185,0.185,0.185,0.21
LCI,0,0,0,0,0
LNTH,0,0,0,0,0
LPI,0,0,0,0,0
LVS,0.77,0.77,0.79,#N/A,#N/A
LZB,0.13,0.14,0.14,0,
LCII,0.65,0.65,0.65,0.65,0.75
LEA,0.75,0.75,0.77,0,0
LEG,0.4,0.4,0.4,0.4,0.4
LDOS,0.34,0.34,0.34,0.34,0.34
LMAT,0.085,0.085,0.095,0.095,0.095
TREE,0,0,0,0,0
LEN,0.04,0.125,0.125,0.125,
LII,0.77,0.77,0.77,0.77,0.77
LXP,0.1025,0.105,0.105,0.105,0.105
LGIH,0,0,0,0,0
LHCG,0,0,0,0,0
LSI,1,1,1.07,1.07,1.07
LGND,0,0,0,0,0
LECO,0.47,0.49,0.49,0.49,0.49
LNC,0.37,0.4,0.4,0.4,0.4
LIN,0.875,0.875,0.963,0.963,0.963
LNN,0.31,#N/A,0.32,0.32,
LQDT,0,0,0,0,#N/A
LAD,0.3,0.3,0.3,0.3,0.31
LFUS,0.48,0.48,0.48,0.48,0.48
LIVN,0,0,0,0,0
LYV,0,0,0,0,0
LTHM,0,0,0,0,0
LPSN,0,0,0,0,0
RAMP,0,0,0,0,0
LKQ,0,0,0,0,0
LMT,2.2,2.4,2.4,2.4,2.4
L,0.0625,0.0625,0.0625,0.0625,0.0625
LPX,0.135,0.135,0.145,0.145,0.145
LOW,0.55,0.55,0.55,0.55,
LTC,0.57,0.57,0.57,0.57,0.57
LL,0,0,0,0,0
LUMN,0.25,0.25,0.25,0.25,0.25
LITE,0,0,0,0,0
LMNX,0.09,0.09,0.09,0.09,0.09
LDL,0,0,0,0,0
LYB,1.05,1.05,1.05,1.05,1.05
MTB,1,1.1,1.1,1.1,1.1
MDC,0.3,0.3,0.33,0.33,0.33
MHO,0,0,0,0,0
CLI,0.2,0.2,0.2,0.2,#N/A
M,0.3775,0.3775,0.3775,#N/A,
MGLN,0,0,0,0,0
MANH,0,0,0,0,0
MAN,0,1.09,0,1.09,0
MANT,0.27,0.27,0.32,0.32,0.32
MRO,0.05,0.05,0.05,0,0
MPC,0.53,0.53,0.58,0.58,0.58
MMI,0,0,0,0,0
HZO,0,0,0,0,#N/A
MKTX,0.51,0.51,0.6,0.6,0.6
MAR,0.48,0.48,0.48,0,0
VAC,0.45,0.54,0.54,#N/A,#N/A
MMC,0.455,#N/A,0.455,0.465,0.465
MRTN,0.02,0.02,0.02667,0.02667,0.04
MLM,0.55,0.55,0.55,0.55,0.57
MAS,0.135,0.135,0.135,0.135,0.14
MASI,0,0,0,0,0
MTZ,0,0,0,0,0
MA,0.33,0.4,0.4,0.4,0.4
MTDR,0,0,0,0,0
MTRN,0.11,0.11,0.11,0.115,0.115
MTRX,0,0,0,0,0
MATX,0.22,0.22,0.22,0.22,0.23
MAT,0,0,0,0,0
MATW,0.2,0.21,0.21,0.21,0.21
MXIM,0.48,0.48,0.48,0.48,0.48
MMS,0.25,0.28,#N/A,0.28,0.28
MXL,0,0,0,0,0
MKC,0.285,0.31,0.31,0.31,
MCD,1.16,1.25,1.25,1.25,1.25
MCK,0.41,0.41,0.41,0.41,0.42
MDU,0.2025,0.2075,0.2075,0.2075,0.2075
MPW,0.26,0.26,0.27,0.27,0.27
MED,0.75,1.13,1.13,1.13,1.13
MD,0,0,0,0,0
MEDP,0,0,0,0,0
MDT,0.54,0.54,0.54,0.58,
MERC,0.1375,0.1375,0.1375,0.065,0.065
MRK,0.55,0.61,0.61,0.61,0.61
MCY,0.6275,0.63,0.63,0.63,0.63
MRCY,0,0,0,0,0
MDP,0.575,0.575,0.595,#N/A,#N/A
VIVO,0,0,0,0,0
MMSI,0,0,0,0,0
MTH,0,0,0,0,0
MTOR,0,0,0,0,0
MLAB,0.16,0.16,0.16,0.16,0.16
CASH,0.05,0.05,0.05,0.05,0.05
MEI,0.11,0.11,0.11,0.11,
MET,0.44,0.44,0.44,0.46,0.46
MTD,0,0,0,0,0
MTG,0.06,0.06,0.06,0.06,0.06
MGM,0.13,0.13,0.15,0.0025,0.0025
MGPI,0.1,0.1,0.12,0.12,0.12
MCHP,0.366,0.3665,0.367,0.3675,0.368
MU,0,0,0,0,
MSFT,0.51,0.51,0.51,0.51,0.56
MSTR,0,0,0,0,0
MAA,0.96,1,1,1,1
MTX,0.05,0.05,#N/A,0.05,0.05
MKSI,0.2,0.2,0.2,0.2,0.2
MHK,0,0,0,0,0
MOH,0,0,0,0,0
TAP,0.57,0.57,0.57,0,0
MCRI,0,0,0,0,0
MDLZ,0.285,0.285,0.285,0.285,0.315
MPWR,0.4,0.4,0.5,0.5,0.5
MNRO,0.22,0.22,0.22,0.22,0.22
MNST,0,0,0,0,0
MCO,0.5,0.5,0.56,0.56,0.56
MOG.A,0.25,0.25,0.25,0,0.25
MS,0.35,0.35,0.35,0.35,0.35
MPAA,0,0,0,0,0
MSI,0.57,0.64,0.64,0.64,0.64
MOV,0.2,0.2,#N/A,#N/A,
COOP,0,0,0,0,0
MSA,0.42,0.42,#N/A,0.43,0.43
MSM,0.75,0.75,0.75,0.75,
MSCI,0.68,0.68,0.68,0.68,0.78
MTSC,0.3,0.3,0.3,0,#N/A
MLI,0.1,0.1,0.1,0.1,0.1
MUR,0.25,0.25,0.25,0.125,0.125
MUSA,0,0,0,0,0
MYE,0.135,0.135,0.135,0.135,0.135
MYRG,0,0,0,0,0
MYGN,0,0,0,0,0
NBR,0.5,0.5,0.5,#N/A,#N/A
NDAQ,0.47,0.47,0.47,0.49,0.49
NBHC,0.19,0.2,0.2,0.2,0.2
FIZZ,0,0,0,0,
NFG,0.435,0.435,0.435,0.445,0.445
NATI,0.25,0.25,0.26,0.26,0.26
NOV,0.05,0.05,0.05,#N/A,#N/A
NPK,0,6,0,0,0
NNN,0.515,0.515,#N/A,0.515,0.52
NSA,0.32,0.33,0.33,0.33,0.34
NTUS,0,0,0,0,0
NAVI,0.16,0.16,0.16,0.16,0.16
NBTB,0.26,0.27,0.27,0.27,0.27
NCR,0,0,0,0,0
NP,0.45,0.45,0.47,0.47,0.47
NKTR,0,0,0,0,0
NEOG,0,0,0,0,
NEO,0,0,0,0,0
NTAP,0.48,0.48,0.48,0.48,
NFLX,0,0,0,0,0
NTGR,0,0,0,0,0
NTCT,0,0,0,0,0
NJR,0.3125,0.3125,#N/A,0.3125,0.3325
NYCB,0.17,0.17,0.17,0.17,0.17
NYMT,0.2,0.2,0,0.05,0.075
NWL,0.23,0.23,0.23,0.23,0.23
NEU,1.9,1.9,1.9,1.9,1.9
NEM,0.14,0.14,0.14,0.25,0.25
NWSA,0,0.1,0,0.1,#N/A
NWS,0,0.1,0,0.1,#N/A
NXRT,0.275,0.3125,0.3125,0.3125,0.3125
NEE,0.3125,0.3125,0.35,0.35,0.35
NXGN,0,0,0,0,0
EGOV,0.08,0.08,0.09,0.09,0.09
NLSN,0.35,0.06,0.06,0.06,0.06
NKE,0.245,0.245,0.245,0.245,
NI,0.2,0.2,0.21,0.21,0.21
NMIH,0,0,0,0,0
NDSN,0.38,0.38,0.38,0.38,
JWN,0.37,0.37,0.37,#N/A,
NSC,0.94,0.94,0.94,0.94,0.94
NTRS,0.7,0.7,0.7,0.7,0.7
NFBK,0.11,0.11,0.11,0.11,0.11
NOC,1.32,1.32,1.32,1.45,1.45
NWBI,0.18,0.18,0.19,0.19,0.19
NWN,0.475,0.4775,#N/A,0.4775,0.4775
NWE,0.575,0.575,0.6,0.6,0.6
NLOK,0.075,0.125,0.125,0.125,0.125
NCLH,0,0,0,0,0
DNOW,0,0,0,0,0
NRG,0.03,0.03,0.3,0.3,0.3
NUS,0.37,0.37,0.375,0.375,0.375
NUE,0.4,0.4025,0.4025,0.4025,0.4025
NUVA,0,0,0,0,0
NVT,0.175,0.175,0.175,0.175,0.175
NVDA,0.16,0.16,0.16,0.16,
NVR,0,0,0,0,0
OXY,0.79,0.79,0.79,0.01,0.01
OII,0,0,0,0,0
OPI,0.55,0.55,#N/A,0.55,0.55
OFG,0.07,0.07,0.07,0.07,0.07
OGE,0.3875,0.3875,0.3875,0.3875,0.4025
OI,0.05,0.05,0.05,#N/A,#N/A
OIS,0,0,0,0,0
ODFL,0.11333,0.11333,0.153333338,0.15,0.15
ONB,0.13,0.13,0.14,0.14,0.14
ORI,0.2,0.2,0.21,0.21,0.21
OLN,0.2,0.2,0.2,0.2,0.2
OLLI,0,0,0,0,
ZEUS,0.02,0.02,0.02,0.02,0.02
OHI,0.66,0.67,#N/A,0.67,0.67
OMCL,0,0,0,0,0
OMC,0.65,0.65,0.65,0.65,0.65
OGS,0.5,0.5,#N/A,0.54,0.54
OKE,0.89,0.915,0.935,0.935,0.935
OSPN,0,0,0,0,0
ONTO,0,0,0,0,0
ORCL,0.24,0.24,0.24,0.24,
OSUR,0,0,0,0,0
ORLY,0,0,0,0,0
OFIX,0,0,0,0,0
OSK,0.27,0.3,0.3,0.3,0.3
OSIS,0,0,0,0,0
OTIS,#N/A,#N/A,0,0.2,0.2
OMI,0.0025,0.0025,0.0025,0.0025,0.0025
OC,0.22,0.24,0.24,0.24,0.24
OXM,0.34,0.34,0.37,0.37,
PCAR,0.32,0.32,0.32,0.32,0.32
PPBI,0.22,0.22,0.25,0.25,0.25
PCRX,0,0,0,0,0
PKG,0.79,0.79,0.79,0.79,0.79
PACW,0.6,0.6,0.6,0.25,0.25
PLMR,0,0,0,0,0
PZZA,0.225,0.225,0.225,0.225,0.225
PARR,0,0,0,0,0
PKE,0.1,0.1,0.1,0.1,
PK,0.45,0.55,0.45,#N/A,#N/A
PRK,1.01,1.01,1.02,1.02,1.02
PH,0.88,0.88,0.88,0.88,0.88
PATK,0,0.25,0.25,0.25,0.25
PDCO,0.26,0.26,0.26,0.26,
PTEN,0.04,0.04,0.04,0.02,0.02
PAYX,0.62,0.62,0.62,0.62,
PAYC,0,0,0,0,0
PCTY,0,0,0,0,0
PYPL,0,0,0,0,0
PBF,0.3,0.3,0.3,#N/A,#N/A
CNXN,0,0,0,0,0
PDCE,0,0,0,0,0
PDFS,0,0,0,0,0
PEB,0.38,0.38,0.01,0.01,0.01
PENN,0,0,0,0,0
PVAC,0,0,0,0,0
PMT,0.47,0.47,0.25,0.4,0.4
PNR,0.18,0.19,0.19,0.19,0.19
PEN,0,0,0,0,0
PBCT,0.1775,0.1775,0.1775,0.18,0.18
PEP,0.955,0.955,1.0225,1.0225,
PRDO,0,0,0,0,0
PRFT,0,0,0,0,0
PKI,0.07,0.07,0.07,0.07,0.07
PRGO,0.21,0.21,0.225,0.225,0.225
PRSP,0.06,0.06,0.06,0.07,0.07
PETS,0.27,0.27,0.27,0.28,0.28
PFE,0.36,0.38,0.38,0.38,0.38
PGTI,0,0,0,0,0
PAHC,0.12,0.12,0.12,0.12,0.12
PM,1.17,1.17,1.17,1.17,1.2
PSX,0.9,0.9,0.9,0.9,0.9
PLAB,0,0,0,0,
DOC,0.23,0.23,0.23,0.23,0.23
PPC,0,0,0,0,0
PNFP,0.16,0.16,0.16,0.16,0.16
PNW,0.7375,0.7825,0.7825,0.7825,0.7825
PXD,0.44,0.44,0.55,0.55,0.55
PIPR,0.375,0.375,0.375,0.2,0.3
PBI,0.05,0.05,0.05,0.05,0.05
PLT,0.15,0.15,0.15,#N/A,#N/A
PLXS,0,0,0,0,0
PNM,0.29,0.3075,0.3075,0.3075,0.3075
PII,0.61,0.61,0.62,0.62,0.62
POOL,0.55,0.55,0.55,0.58,0.58
POST,0,0,0,0,0
PCH,0.4,0.4,0.4,0.4,0.4
POWL,0.26,0.26,0.26,0.26,0.26
POWI,0.085,0.095,0.095,0.105,0.11
PPG,0.51,0.51,0.51,0.51,0.54
PPL,0.4125,0.4125,0.415,0.415,0.415
PRAA,0,0,0,0,0
PRAH,0,0,0,0,0
PFBC,0.3,0.3,0.3,0.3,0.3
PBH,0,0,0,0,0
PSMT,0,0.35,0,0.35,
PRI,0.34,0.34,0.4,0.4,0.4
PFG,0.55,0.55,0.56,0.56,0.56
PRA,0.31,0.31,0.31,0.05,0.05
PRG,0.035,0.04,0.04,0.04,0.04
PRGS,0.165,0.165,0.165,0.165,
PLD,0.53,0.53,0.58,0.58,0.58
PUMP,0,0,0,0,0
PB,0.41,0.46,0.46,0.46,0.46
PRLB,0,0,0,0,0
PFS,0.23,0.23,0.23,0.23,0.23
PRU,1,1,1.1,1.1,1.1
PSB,1.05,1.05,1.05,1.05,1.05
PTC,0,0,0,0,0
PEG,0.47,0.47,0.49,0.49,0.49
PSA,2,2,2,2,2
PHM,0.11,0.12,0.12,0.12,0.12
PVH,0.0375,0.0375,0.0375,#N/A,
QEP,0.02,0.02,0.02,#N/A,#N/A
QRVO,0,0,0,0,0
KWR,0.385,0.385,0.385,0.385,0.395
QCOM,0.62,0.62,0.62,0.65,0.65
QLYS,0,0,0,0,0
NX,0.08,0.08,0.08,0.08,
PWR,0.04,0.05,0.05,0.05,0.05
DGX,0.53,0.53,0.56,0.56,0.56
QDEL,0,0,0,0,0
QNST,0,0,0,0,0
RCM,0,0,0,0,0
RDNT,0,0,0,0,0
RL,0.6875,0.6875,0.6875,#N/A,#N/A
RMBS,0,0,0,0,0
RRC,0.02,0.02,#N/A,#N/A,#N/A
RAVN,0.13,0.13,0.13,0.13,
RJF,0.34,0.37,0.37,0.37,0.37
RYAM,0,0,0,0,0
RYN,0.27,0.27,0.27,0.27,0.27
RTX,0.735,0.735,0.735,0.475,0.475
RMAX,0.21,0.21,0.22,0.22,0.22
RC,0.4,0.4,0.4,0.25,0.3
RLGY,0.09,0,0,0,0
O,0.68,0.6815,0.698,0.6995,0.701
RRGB,0,0,0,0,0
RWT,0.3,0.3,0.32,0.125,0.14
RBC,0.3,0.3,0.3,0.3,0.3
REG,0.585,0.585,0.595,0.595,0.595
REGN,0,0,0,#N/A,#N/A
RGNX,0,0,0,0,0
RF,0.155,0.155,0.155,0.155,0.155
RGS,0,0,0,0,0
RGA,0.7,0.7,0.7,0.7,0.7
RS,0.55,0.55,0.625,0.625,0.625
RNR,0.34,0.34,0.35,0.35,0.35
RNST,0.22,0.22,0.22,0.22,0.22
REGI,0,0,0,0,0
RCII,0.25,0.29,0,0.29,0.29
RGEN,0,0,0,0,0
RSG,0.405,0.405,0.405,0.405,0.425
REZI,0,0,0,0,0
RMD,0.39,0.39,0.39,0.39,0.39
RGP,0.14,0.14,0.14,0.14,
ROIC,0.197,0.197,0.2,0,0
RPAI,0.165625,0.165625,0.165625,0,0.05
REX,0,0,0,0,
REXR,0.185,0.185,0.215,0.215,0.215
RH,0,0,0,0,
RLI,0.23,0.23,0.23,0.24,0.24
RHI,0.31,0.31,0.34,0.34,0.34
ROK,0.97,1.02,1.02,1.02,1.02
ROG,0,0,0,0,0
ROL,0.105,0.105,0.12,0.08,0.08
ROP,0.4625,0.5125,0.5125,0.5125,0.5125
ROST,0.255,0.255,0.285,#N/A,
RCL,0.78,0.78,0.78,0,0
RGLD,0.265,0.28,0.28,0.28,0.28
RES,0,0,0,0,0
RPM,0.36,0.36,0.36,0.36,
RPT,0.22,0.22,0.22,0,0
RUTH,0.13,0.13,0.15,#N/A,#N/A
R,0.56,0.56,0.56,0.56,0.56
SPGI,0.57,0.57,0.67,0.67,0.67
STBA,0.27,0.28,0.28,0.28,0.28
SBRA,0.45,0.45,0.45,0.3,0.3
SABR,0.14,0.14,0.14,#N/A,#N/A
SAFE,0.156,0.156,0.156,0.16224,0.16224
SAFT,0.9,0.9,0.9,0.9,0.9
SAIA,0,0,0,0,0
SAIL,0,0,0,0,0
CRM,0,0,0,0,
SBH,0,0,0,0,0
SAFM,0.32,#N/A,0.32,0.32,
SANM,0,0,0,0,0
BFS,0.53,0.53,0.53,0.53,0.53
SBAC,0.37,0.37,0.465,0.465,0.465
SCSC,0,0,0,0,0
SLB,0.5,0.5,0.5,0.125,0.125
SCHL,0.15,0.15,0.15,0.15,
SWM,0.44,0.44,0.44,0.44,0.44
SAIC,0.37,0.37,0.37,0.37,
SGMS,0,0,0,0,0
SBCF,0,0,0,0,0
CKH,0,0,0,0,0
STX,0.63,0.65,0.65,0.65,0.65
SEE,0.16,0.16,0.16,0.16,0.16
SEIC,0,0.35,0,0.35,0
SEM,0,0,0,0,0
SIGI,0.2,0.23,0.23,0.23,0.23
SRE,0.9675,0.9675,1.045,1.045,1.045
SMTC,0,0,0,0,
SENE.A,#N/A,,,,
SXT,0.36,0.39,0.39,0.39,0.39
SCI,0.18,0.18,0.19,0.19,0.19
SVC,0.54,0.54,0.01,0.01,0.01
NOW,0,0,0,0,0
SFBS,0.15,0.175,0.175,0.175,0.175
SHAK,0,0,0,0,0
SHEN,0,0.29,0,0,0
SCVL,0.085,0.085,0.085,0.09,
SSTK,0,0,0.17,0.17,0.17
SBNY,0.56,0.56,0.56,0.56,0.56
SIG,0.37,0.37,0.37,0.37,
SLGN,0.11,0.11,0.12,0.12,0.12
SLAB,0,0,0,0,0
SFNC,0.16,0.16,0.17,0.17,0.17
SPG,2.1,2.1,2.1,1.3,1.3
SSD,0.23,0.23,0.23,0.23,0.23
SLP,0.06,0.06,0.06,0.06,
SITC,0.2,0.2,0.2,0,0
SIX,0.82,0.83,0.25,#N/A,#N/A
SKX,0,0,0,0,0
SKYW,0.12,0.12,0.14,0,0
SWKS,0.44,0.44,0.44,0.44,0.5
SLG,0.85,0.885,0.295,0.885,0.885
SNBR,0,0,0,0,0
SLM,0.03,0.03,0.03,0.03,0.03
SM,0,0.05,0,0.01,0
SGH,0,0,0,0,
SNA,0.95,1.08,1.08,1.08,1.08
SEDG,0,0,0,0,0
SAH,0.1,0.1,0.1,0.1,0.1
SON,0.43,0.43,0.43,0.43,0.43
SJI,0.2875,0.295,0.295,0.295,0.295
SBSI,0.31,0.31,0.31,0.31,0.31
LUV,0.18,0.18,0.18,#N/A,#N/A
SWX,0.545,0.545,0.57,0.57,0.57
SWN,0,0,0,0,0
SPTN,0.19,0.19,0.1925,0.1925,0.1925
SPPI,0,0,0,0,0
SR,0.5925,0.6225,0.6225,0.6225,0.6225
SRC,0.625,0.625,0.625,0.625,0.625
SPOK,0.125,0.125,0.125,0.125,0.125
SFM,0,0,0,0,0
SPSC,0,0,0,0,0
SPXC,0,0,0,0,0
FLOW,0,0,0,0,0
STMP,0,0,0,0,0
SMP,0.23,0.23,0.25,0,0
SXI,0.2,0.22,#N/A,0.22,0.22
SWK,0.69,0.69,0.69,0.69,0.7
SBUX,0.36,0.41,0.41,0.41,0.41
STT,0.52,0.52,0.52,0.52,0.52
STLD,0.24,0.24,0.25,0.25,0.25
SCL,0.25,0.275,0.275,0.275,0.275
SRCL,0,0,0,0,0
STE,0.37,0.37,0.37,0.37,0.4
STL,0.07,0.07,0.07,0.07,0.07
SHOO,0.14,0.15,0.15,#N/A,#N/A
STC,0.3,0.3,0.3,0.3,0.3
SF,0.15,0.15,0.17,0.17,0.17
SNEX,0,0,0,0,#N/A
STOR,0.35,0.35,0.35,0.35,0.36
STRA,0.5,0.6,0.6,0.6,0.6
SYK,0.52,0.575,0.575,0.575,0.575
RGR,0.14,0.11,0.18,0.35,0.42
INN,0.18,0.18,0.18,#N/A,#N/A
SXC,0,0.06,0.06,0.06,0.06
RUN,0,0,0,0,0
SUPN,0,0,0,0,0
SRDX,0,0,0,0,#N/A
SIVB,0,0,0,0,0
SYKE,0,0,0,0,0
SYNA,0,0,0,0,0
SYF,0.22,0.22,0.22,0.22,0.22
SYNH,0,0,0,0,0
SNX,0.375,0.4,0,0,
SNPS,0,0,0,0,
SNV,0.3,0.3,0.33,0.33,0.33
SYY,0.39,0.45,0.45,0.45,0.45
TROW,0.76,0.76,0.9,0.9,0.9
TRHC,0,0,0,0,0
TCMD,0,0,0,0,0
TTWO,0,0,0,0,0
TALO,0,0,0,0,0
SKT,0.355,0.355,#N/A,0.3575,#N/A
TPR,0.3375,0.3375,0.3375,#N/A,#N/A
TGT,0.66,0.66,0.66,0.68,
TCO,0.675,0.675,0.675,0,0
TMHC,0,0,0,0,0
TCF,0.35,0.35,0.35,0.35,0.35
TEL,0.46,0.46,0.46,0.48,0.48
TISI,0,0,0,0,0
FTI,0.13,0.13,0.13,#N/A,#N/A
TTGT,0,0,0,0,0
TGNA,0.07,0.07,0.07,0.07,0.07
TDY,0,0,0,0,0
TFX,0.34,0.34,0.34,0.34,0.34
TDS,0.165,0.165,0.17,0.17,0.17
TPX,0,0,0,0,0
THC,0,0,0,0,0
TNC,0.22,0.22,0.22,0.22,0.22
TDC,0,0,0,0,0
TER,0.09,0.09,0.1,0.1,0.1
TEX,0.11,0.11,0.12,#N/A,#N/A
TTEK,0.15,0.15,0.15,0.17,0.17
TCBI,0,0,0,0,0
TXN,0.77,0.9,0.9,0.9,0.9
TXRH,0.3,0.3,0.36,#N/A,#N/A
TXT,0.02,0.02,0.02,0.02,0.02
AAN,#N/A,,,,
AES,0.1365,0.1433,0.1433,0.1433,0.1433
ALL,0.5,0.5,0.54,0.54,0.54
ANDE,0.17,0.175,0.175,0.175,0.175
BK,0.31,0.31,0.31,0.31,0.31
BA,2.055,2.055,2.055,0,0
SAM,0,0,0,0,0
BCO,0.15,0.15,#N/A,0.15,0.15
BKE,0.25,0.3,0,0,
CATO,0.33,0.33,0.33,#N/A,
SCHW,0.17,0.17,0.18,0.18,0.18
CAKE,0.36,0.36,0.36,#N/A,#N/A
CHEF,0,0,0,0,0
CC,0.25,0.25,0.25,0.25,0.25
PLCE,0.56,0.56,#N/A,#N/A,
CLX,1.06,1.06,1.06,1.11,1.11
KO,0.4,0.4,0.41,0.41,0.41
COO,0,0.03,0,0.03,
SSP,0.05,0.05,0.05,0.05,0.05
ENSG,0.0475,0.05,0.05,0.05,0.05
EL,0.43,0.48,0.48,0,0.48
GPS,0.2425,0.2425,0.2425,#N/A,
GEO,0.48,0.48,0.48,0.48,0.48
GS,1.25,1.25,1.25,1.25,1.25
GT,0.16,0.16,0.16,#N/A,#N/A
GBX,0.25,#N/A,0.27,0.27,
HAIN,0,0,0,0,0
THG,0.6,0.65,0.65,0.65,0.65
HIG,0.3,0.3,0.325,0.325,0.325
HSY,0.773,0.773,0.773,0.773,0.804
HD,1.36,1.36,1.5,1.5,
IPG,0.235,0.235,0.255,0.255,0.255
SJM,0.88,#N/A,0.88,0.9,
KHC,0.4,0.4,0.4,0.4,0.4
KR,0.16,0.16,0.16,0.18,
MAC,0.75,0.75,0.75,0.5,0.15
MCS,0.16,0.16,0.17,0,0
MIK,0,0,0,0,
MIDD,0,0,0,0,0
MOS,0.05,0.05,0.05,0.05,0.05
NYT,0.05,0.05,0.06,0.06,0.06
ODP,0.25,0.25,0.25,0,0
PNTG,#N/A,0,0,0,0
PNC,1.15,1.15,1.15,1.15,1.15
PG,0.7459,0.7459,0.7459,0.7907,0.7907
PGR,0.1,0.1,0.1,0.1,0.1
PRSC,0,0,0,0,0
SMG,0.58,0.58,0.58,0.58,0.62
SHW,1.13,1.13,1.34,1.34,1.34
SO,0.62,0.62,#N/A,0.64,0.64
JOE,0,0,0,0,0
TKR,0.28,0.28,0.28,0.28,0.28
TJX,0.23,0.23,0,0,
TTC,0.225,0.25,0.25,0.25,
TRV,0.82,0.82,0.82,0.85,0.85
DIS,0.88,0,0.88,0,0
WEN,0.1,0.12,0.12,0.05,0.05
WU,0.2,0.2,0.225,0.225,0.225
WMB,0.38,0.38,0.4,0.4,0.4
TMO,0.19,0.19,0.22,0.22,0.22
TPRE,0,0,0,0,0
THO,0.4,0.4,0.4,0.4,
TIF,0.58,0.58,0.58,0.58,
TMST,0,0,0,0,0
TWI,0.005,0.005,0.005,#N/A,#N/A
TVTY,0,0,0,0,0
TMUS,0,0,0,0,0
TOL,0.11,0.11,0.11,0.11,
TMP,0.5,0.52,0.52,0.52,0.52
TR,0.08738,0.08738,0.087378639,0.09,0.09
BLD,0,0,0,0,0
TSCO,0.35,0.35,0.35,0.35,0.4
TT,0.53,0.53,0.53,0.53,0.53
TDG,0,0,0,0,0
TG,0.12,0.12,0.12,0.12,0.12
THS,0,0,0,0,0
TREX,0,0,0,0,0
TPH,0,0,0,0,0
TRMB,0,0,0,0,0
TRN,0.17,0.19,0.19,0.19,0.19
TSE,0.4,0.4,0.4,0.4,0.4
TRIP,0,0,0,0,0
TBK,0,0,0,0,0
TGI,0.04,0.04,0.04,#N/A,#N/A
TBI,0,0,0,0,0
TFC,0.45,0.45,0.45,0.45,0.45
TRUP,0,0,0,0,0
TRST,0.068125,0.068125,0.068125,0.068125,0.068125
TRMK,0.23,0.23,0.23,0.23,0.23
TTEC,0,0.32,0,0.34,0
TTMI,0,0,0,0,0
TUP,0.27,0,0,0,0
TWTR,0,0,0,0,0
TYL,0,0,0,0,0
TSN,0.42,0.42,0.42,0.42,0.445
USB,0.42,0.42,0.42,0.42,0.42
USCR,0,0,0,0,0
USPH,0.3,0.3,0.32,#N/A,#N/A
SLCA,0.0625,0.0625,0.02,#N/A,#N/A
UDR,0.3425,0.3425,0.36,0.36,0.36
UFPI,0,0.2,0.125,0.125,0.125
UGI,0.325,0.325,#N/A,0.33,0.33
ULTA,0,0,0,0,
UCTT,0,0,0,0,0
UMBF,0.3,0.31,0.31,0.31,0.31
UMPQ,0.21,0.21,0.21,0,0.21
UA,0,0,0,0,0
UAA,0,0,0,0,0
UFI,0,0,0,0,0
UNF,0.25,#N/A,0.25,0.25,
UNP,0.97,0.97,0.97,0.97,0.97
UIS,0,0,0,0,0
UAL,0,0,0,0,0
UBSI,0.34,0.35,0.35,0.35,0.35
UCBI,0.17,0.18,0.18,0.18,0.18
UFCS,0.33,0.33,0.33,0.33,0.33
UIHC,0.06,0.06,0.06,0.06,0.06
UNFI,0,0,0,0,
UPS,0.96,0.96,1.01,1.01,1.01
URI,0,0,0,0,0
X,0.05,0.05,0.01,0.01,0.01
UTHR,0,0,0,0,0
UNH,1.08,1.08,1.08,1.25,1.25
UNIT,0.05,0.22,0.15,0.15,0.15
UNVR,0,0,0,0,0
UVV,0.76,0.76,0.76,0.77,0.77
OLED,0.1,0.1,0.15,0.15,0.15
UEIC,0,0,0,0,0
UHT,0.68,0.685,0.685,0.69,0.69
UHS,0.2,0.2,0.2,#N/A,#N/A
UVE,0.16,0.16,0.16,0.16,0.16
UNM,0.285,0.285,#N/A,0.285,0.285
UE,0.22,0.22,0.22,#N/A,#N/A
URBN,0,0,0,0,
UBA,0.275,0.28,0.28,0.07,
ECOL,0.18,0.18,0.18,#N/A,#N/A
USNA,0,0,0,0,0
VFC,0.43,0.48,0.48,0.48,0.48
VLO,0.9,0.9,0.98,0.98,0.98
VLY,0.11,0.11,0.11,0.11,0.11
VMI,0.375,0.375,0.45,0.45,0.45
VVV,0.106,0.113,0.113,0.113,0.113
VNDA,0,0,0,0,0
VREX,0,0,0,0,#N/A
VAR,0,0,0,0,0
VGR,0.380952385,0.4,0.2,0.2,0.2
VECO,0,0,0,0,0
VTR,0.7925,0.7925,0.7925,0.45,0.45
VRA,0,0,0,0,
VRSN,0,0,0,0,0
VRSK,0.25,0.25,0.27,0.27,0.27
VBTX,0.125,0.125,0.17,0.17,0.17
VRTV,0,0,0,0,0
VZ,0.615,0.615,0.615,0.615,0.6275
VRTX,0,0,0,0,0
VIAC,0.18,0.24,0.24,0.24,0.24
VVI,0.1,0.1,0.1,#N/A,#N/A
VSAT,0,0,0,0,0
VTRS,0,0,0,0,0
VIAV,0,0,0,0,0
VICR,0,0,0,0,0
VRTS,0.67,0.67,0.67,0.67,0.82
VRTU,0,0,0,0,0
V,0.25,0.3,0.3,0.3,0.3
VSH,0.095,0.095,0.095,0.095,0.095
VSTO,0,0,0,0,0
VC,0,0,0,0,0
VG,0,0,0,0,0
VNT,#N/A,#N/A,#N/A,#N/A,#N/A
VNO,0.66,0.66,#N/A,0.66,0.53
VMC,0.31,0.31,0.34,0.34,0.34
WRB,0.11,0.11,0.11,0.12,0.12
GWW,1.44,1.44,1.44,1.44,1.53
WNC,0.08,0.08,0.08,0.08,0.08
WAB,0.12,0.12,0.12,0.12,0.12
WDR,0.25,0.25,0.25,0.25,0.25
WBA,0.4575,0.4575,0.4575,0.4675,
WD,0.3,0.3,0.36,0.36,0.36
WMT,0.53,0.53,0.54,0.54,
HCC,0.05,0.05,0.05,0.05,0.05
WAFD,0.21,0.21,0.22,0.22,0.22
WRE,0.3,0.3,0.3,0.3,0.3
WM,0.5125,0.5125,0.545,0.545,0.545
WAT,0,0,0,0,0
WSO,1.6,1.6,1.775,1.775,1.775
WTS,0.23,0.23,0.23,0.23,0.23
WDFC,0.61,0.67,0.67,0.67,
WBS,0.4,0.4,0.4,0.4,0.4
WEC,0.59,0.59,0.6325,0.6325,0.6325
WRI,0.395,0.395,0.395,0.18,0.18
WFC,0.51,0.51,0.51,0.51,0.1
WELL,0.87,0.87,0.87,0.61,0.61
WERN,0.09,0.09,0.09,0.09,0.09
WST,0.16,0.16,0.16,0.16,0.17
WABC,0.41,0.41,0.41,0.41,0.41
WDC,0.5,0.5,0.5,#N/A,#N/A
WRK,0.455,0.465,0.465,0.2,0.2
WEX,0,0,0,0,0
WY,0.34,0.34,0.34,0,0
WHR,1.2,1.2,1.2,1.2,1.2
WSR,0.285,0.285,0.105,0.105,0.105
WSM,0.48,0.48,0.48,0.48,
WLTW,0.65,0.65,0.68,0.68,0.68
WING,0.11,0.11,0.11,0.11,0.14
WGO,0.11,0.11,0.11,0.11,
WTFC,0.25,0.25,0.28,0.28,0.28
WETF,0.03,0.03,0.03,0.03,0.03
WWW,0.1,0.1,0.1,0.1,0.1
WWD,0.1625,0.28,0.08125,0.08125,0.08125
WRLD,0,0,0,0,0
INT,0.1,0.1,0.1,0.1,0.1
WWE,0.12,0.12,0.12,0.12,0.12
WOR,0.24,0.24,0.24,0.25,
WPX,0,0,0,0,0
WW,0,0,0,0,0
WYND,0.45,0.45,0.5,0.5,0.3
WH,0.29,0.29,0.32,0.08,0.08
WYNN,1,1,1,#N/A,#N/A
XEL,0.405,0.405,0.43,0.43,0.43
XNCR,0,0,0,0,0
XHR,0.275,0.275,0.275,#N/A,#N/A
XRX,0.25,0.25,0.25,0.25,0.25
XLNX,0.37,0.37,0.37,0.38,0.38
XPER,0.2,0.2,0.2,0.2,0.05
XPO,0,0,0,0,0
XYL,0.24,0.24,0.26,0.26,0.26
YELP,0,0,0,0,0
YETI,0,0,0,0,0
YUM,0.42,0.42,0.47,0.47,0.47
ZBRA,0,0,0,0,0
ZBH,0.24,0.24,0.24,0.24,0.24
ZION,0.34,0.34,0.34,0.34,0.34
ZTS,0.164,0.2,0.2,0.2,0.2
ZUMZ,0,0,0,0,
ZYXI,0,0,0,0,0
